Delta,Theta,Alpha,Beta,User_ID
5950062099798046.0,46414149771.95368,11678308729.553667,4554416976.848702,U_1
1848954610743441.8,45294709993.936554,11539733165.088142,4522371183.410211,U_1
2649181631177956.0,44215645389.12815,11403665609.099094,4490683649.169035,U_1
3322359752064293.5,43175030679.02014,11270045872.154331,4459349070.472028,U_1
433159431247639.3,42171054366.591064,11138815561.381336,4428362241.451967,U_1
3309530763428.3804,41202010734.15273,11009918016.387264,4397718051.984458,U_1
2617172996250.428,40266292495.43579,10883298248.34766,4367411485.650232,U_1
2239591801520.6064,39362384040.122154,10758902880.675,4337437617.427237,U_1
1897247005752.127,38488855207.73613,10636680093.089884,4307791612.098338,U_1
1616679992332.6628,37644355557.018326,10516579566.954912,4278468722.031444,U_1
1391054342563.277,36827609078.830215,10398552433.45335,4249464285.298381,U_1
1208926588677.2683,36037409311.51534,10282551223.837858,4220773723.8037834,U_1
1060439374682.1984,35272614829.395386,10168529821.296625,4192392541.698744,U_1
938004312972.4889,34532145069.35218,10056443415.302265,4164316323.317761,U_1
835928500501.8087,33814976470.044807,9946248457.08042,4136540731.5556693,U_1
749944533313.9137,33120138889.337624,9837902617.54911,4109061506.4409475,U_1
676828526887.6261,32446712286.884525,9731364745.88284,4081874463.163055,U_1
614118509141.0592,31793823642.018013,9626594831.13073,4054975490.6004243,U_1
559912425131.2593,31160644092.595154,9523553964.071772,4028360549.843046,U_1
512723827882.4725,30546386276.253864,9422204300.896841,4002025672.676058,U_1
471378238648.1443,29950301855.994404,9322509028.71319,3975966959.907855,U_1
434938032934.8209,29371679215.180172,9224432331.53847,3950180580.154302,U_1
402647417850.0615,28809841311.687187,9127939358.528904,3924662768.3546634,U_1
373891677518.7367,28264143678.274216,9032996192.675156,3899409824.3863115,U_1
348166653501.87714,27733972554.77631,8939569820.8553,3874418111.6451473,U_1
325055645605.2877,27218743145.62624,8847628105.25165,3849684055.892528,U_1
304211750882.9797,26717897991.367126,8757139755.460466,3825204143.901105,U_1
285344230067.28534,26230905445.879597,8668074301.840405,3800974922.273489,U_1
268207887075.83017,25757258253.035507,8580402069.737022,3776992996.019055,U_1
252594724633.04498,25296472211.93054,8494094154.943705,3753255027.6567945,U_1
238327335189.78775,24848084930.42895,8409122399.521517,3729757735.888424,U_1
225253626420.4867,24411654654.207695,8325459369.060462,3706497894.4369845,U_1
213242581668.40958,23986759167.221325,8243078330.035349,3683472330.9885406,U_1
202180829179.13385,23572994763.42733,8161953228.99553,3660677926.207233,U_1
191969848186.50702,23169975279.84609,8082058671.245114,3638111612.47694,U_1
182523679940.46674,22777331187.402493,8003369901.582672,3615770373.0786586,U_1
173767041762.49155,22394708737.239582,7925862784.49466,3593651241.077846,U_1
165633764743.14236,22021769156.675453,7849513786.224752,3571751298.3397527,U_1
158065493028.5881,21658187894.47981,7774299956.261175,3550067674.53079,U_1
151010595598.7653,21303653908.41436,7700198910.288498,3528597546.358666,U_1
144423251689.94464,20957868995.386333,7627188813.713974,3507338136.46282,U_1
138262678759.51907,20620547159.68106,7555248365.240684,3486286712.483942,U_1
132492478095.1059,20291414016.97572,7484356781.140104,3465440586.421567,U_1
127080077931.64497,19970206232.25827,7414493780.923504,3444797113.6780233,U_1
121996257766.80327,19656670989.5694,7345639572.252274,3424353692.0359473,U_1
117214740616.5573,19350565489.883904,7277774836.893613,3404107761.0161934,U_1
112711842191.4119,19051656479.253727,7210880717.185566,3384056801.2459517,U_1
108466168178.2153,18759719801.158703,7144938803.100883,3364198333.3345633,U_1
104458352137.79604,18474539972.538826,7079931119.409813,3344529917.1780524,U_1
100670827906.39919,18195909784.09307,7015840113.480254,3325049151.451143,U_1
97087631384.85632,17923629920.991604,6952648643.227232,3305753672.617863,U_1
93694227430.54764,17657508605.48489,6890339965.792779,3286641154.4089184,U_1
90477358299.52893,17397361255.09751,6828897726.460611,3267709306.9451866,U_1
87424910579.04103,17143010161.61397,6768305947.870799,3248955876.151723,U_1
84525798092.2228,16894284185.860264,6708549019.33096,3230378643.096735,U_1
81769858605.60732,16651018467.752413,6649611687.363335,3211975423.292071,U_1
79147762502.09274,16413054151.673641,6591479045.403399,3193744066.0405827,U_1
76650931861.60112,16180238125.113796,6534136524.591503,3175682453.9820476,U_1
74271468602.01033,15952422771.535297,6477569884.651844,3157788502.163325,U_1
72002090543.39328,15729465734.233822,6421765204.869652,3140060157.763248,U_1
69836074406.95168,15511229693.98259,6366708875.530971,3122495399.320635,U_1
67767204896.69607,15297582155.903114,6312387589.927194,3105092236.1423435,U_1
65789729132.81792,15088395246.206245,6258788335.936402,3087848707.8217115,U_1
63898315804.40105,14883545521.158335,6205898388.504012,3070762883.6541066,U_1
62088018479.93802,14682913783.665468,6153705301.75607,3053832862.1923795,U_1
60354242608.8927,14486384907.483715,6102196902.026077,3037056770.570967,U_1
58692715786.445045,14293847674.13248,6051361280.515542,3020432764.019605,U_1
57099460920.7537,14105194612.587744,6001186786.309801,3003959025.435052,U_1
55570771976.89619,13920321848.781643,5951662020.092822,2987633764.8511276,U_1
54103192029.92437,13739128962.700348,5902775827.170526,2971455218.936066,U_1
52693493358.926506,13561518850.550558,5854517291.636216,2955421650.4919953,U_1
51338659388.862274,13387397594.73044,5806875730.038852,2939531348.084771,U_1
50035868270.98317,13216674337.748806,5759840685.270098,2923782625.508405,U_1
48782477940.27024,13049261165.167498,5713401921.319161,2908173821.402288,U_1
47576012494.91192,12885072990.427296,5667549417.2602215,2892703298.570328,U_1
6.7240127953924824e+16,321859028033.69257,80974897370.21533,31578673515.897644,U_2
1.7906261293734242e+16,314095239962.52386,80014010567.95694,31356476571.20552,U_2
1.5765732399525918e+16,306611518089.2619,79070515145.17635,31136763742.71182,U_2
1.8719211885106932e+16,299394504854.5442,78143993703.46086,30919498254.187,U_2
2470308578466654.0,292431632280.93616,77234041304.7428,30704644008.28589,U_2
20830962420600.65,285711066449.1745,76340265027.73645,30492165571.396717,U_2
18179165782777.188,279221656493.4508,75462283542.37231,30282028159.44761,U_2
15572893775776.037,272952887688.42145,74599726700.67319,30074197623.475845,U_2
13189112412028.266,266894838267.24966,73752235145.66011,29868640435.508045,U_2
11236954298676.99,261038139629.34988,72919459936.15436,29665323675.293793,U_2
9667438175831.04,255373939637.87466,72101062185.36554,29464215017.18675,U_2
8400568670514.836,249893868732.70358,71296712715.53174,29265282717.471012,U_2
7367747612638.185,244590008618.22656,70506091725.37854,29068495601.370377,U_2
6516202330475.499,239454863299.56613,69728888471.64195,28873823050.90356,U_2
5806334106315.921,234481332271.89062,68964800962.15175,28681234993.531673,U_2
5208450024775.965,229662685678.8378,68213535661.88606,28490701889.750675,U_2
4700112218284.649,224992541276.0108,67474807209.95343,28302194722.660538,U_2
4264182869364.538,220464843054.4345,66748338147.64201,28115684986.173237,U_2
3887420762887.5713,216073841380.7202,66033858657.19473,27931144674.443714,U_2
3559477876986.2363,211814074542.2072,65331106310.38499,27748546271.789543,U_2
3272178322021.7925,207680351575.06357,64639825827.15473,27567862741.819447,U_2
3018995512480.5825,203667736279.92026,63959768842.47064,27389067517.821957,U_2
2794669066444.157,199771532328.42352,63290693682.90575,27212134493.05008,U_2
2594920991687.8735,195987269381.91556,62632365151.09017,27037038010.849552,U_2
2416243122804.8555,192310690134.6666,61984554318.9639,26863752855.646442,U_2
2255736232109.5547,188737738222.08066,61347038327.58682,26692254243.91042,U_2
2110987017434.3857,185264546921.14343,60719600194.906425,26522517815.082035,U_2
1979973144737.906,181887428586.70193,60102028631.023094,26354519623.174183,U_2
1860989280851.1594,178602864772.26346,59494117859.655304,26188236128.24976,U_2
1752588982818.6804,175407496978.07104,58895667446.14601,26023644188.07263,U_2
1653538676030.6829,172298117987.237,58306482131.8932,25860721050.149067,U_2
1562780929211.534,169271663746.69153,57726371674.62032,25699444343.94624,U_2
1479404938392.6274,166325205749.7838,57155150694.46736,25539792073.13618,U_2
1402622644518.2383,163455943891.6353,56592638525.522415,25381742608.201317,U_2
1331749286398.993,160661199758.77402,56038659072.44276,25225274678.90768,U_2
1266187469960.8809,157938410325.53702,55493040672.59248,25070367367.465744,U_2
1205414043901.7053,155285122029.63135,54955615962.531494,24917000101.305813,U_2
1148969228966.811,152698985198.9288,54426221749.315414,24765152646.276913,U_2
1096447568146.0695,150177748808.25076,53904698886.57845,24614805100.227016,U_2
1047490356249.6903,147719255542.34393,53390892154.27985,24465937886.1683,U_2
1001779277911.6992,145321437144.1501,52884650143.275734,24318531746.175655,U_2
959031037830.827,142982310033.21613,52385825143.23936,24172567734.905083,U_2
918992809647.3088,140699971171.10907,51894273035.03433,24028027213.844746,U_2
881438363369.5123,138472594163.19864,51409853186.30906,23884891845.193924,U_2
846164757752.471,136298425577.44003,50932428350.36748,23743143585.99735,U_2
812989505043.9965,134175781469.52962,50461864568.97233,23602764682.569187,U_2
781748132249.3644,132103044097.64421,49998031078.366165,23463737664.938915,U_2
752292076578.7506,130078658820.54248,49540800217.82345,23326045341.406895,U_2
724486863527.9521,128101131162.50967,49090047342.054565,23189670793.14885,U_2
698210524921.282,126169024033.99602,48645650735.96573,23054597369.345993,U_2
673352221275.9583,124280955106.34053,48207491532.33541,22920808681.822243,U_2
649811038823.6692,122435594321.91258,47775453632.01057,22788288599.938427,U_2
627494936203.8721,120631661535.91339,47349423627.05097,22657021246.115364,U_2
606319819858.6195,118867924282.50554,46929290726.15555,22526990991.171432,U_2
586208730401.3774,117143195658.83957,46514946682.416504,22398182449.264385,U_2
567091124933.2943,115456332313.56795,46106285723.53583,22270580473.390694,U_2
548902242547.72144,113806232539.88438,45703204484.52724,22144170151.296936,U_2
531582542154.17804,112191834466.88632,45305601941.50284,22018936800.84382,U_2
515077203304.165,110612114343.06189,44913379348.79581,21894865965.89132,U_2
499335682053.9755,109066084900.7523,44526440177.59264,21771943412.080284,U_2
484311315024.5278,107552793806.35371,44144690056.54834,21650155122.64261,U_2
469960965737.78296,106071322186.29225,43768036713.45493,21529487294.709938,U_2
456244708137.41705,104620783223.01462,43396389920.06187,21409926335.223526,U_2
443125542875.7156,103200320820.21092,43029661438.06032,21291458857.197144,U_2
430569142537.1584,101809108335.13304,42667764966.01663,21174071675.66508,U_2
418543622462.99677,100446347367.91002,42310616089.20209,21057751804.551556,U_2
407019334256.7711,99111266609.48424,41958132229.797455,20942486452.830097,U_2
395968679454.95874,97803120745.61238,41610232599.34058,20828263020.923485,U_2
385365941117.56586,96521189411.85616,41266838152.30753,20715069097.41656,U_2
375187131399.2123,95264776195.438,40927871541.27145,20602892455.55878,U_2
365409853385.23254,94033207686.52003,40593257073.167725,20491721050.18235,U_2
356013175673.89996,92825832569.02293,40262920666.84134,20381543014.194527,U_2
346977518390.3329,91642020758.05101,39936789812.63064,20272346655.755627,U_2
338284549436.67413,90481162572.91313,39614793531.73798,20164120455.076824,U_2
329917089948.7947,89342667947.1496,39296862338.11921,20056853061.145493,U_2
6.465786594674355e+16,407236698457.61444,102525853037.87177,39988976371.372604,U_3
6.063945460995216e+16,397422181708.53143,101309518903.1358,39707628225.572266,U_3
6.335670905915228e+16,387961310319.07477,100115192913.66663,39429425130.403824,U_3
5.055958276114787e+16,378837239831.4901,98942347063.67363,39154320531.40471,U_3
5837430768447208.0,370034119993.6163,97790469102.3007,38882268733.31315,U_3
29925396476679.06,361537024960.7039,96659061973.56516,38613224881.191315,U_3
22577130969096.098,353331889164.49457,95547643278.25784,38347144942.11328,U_3
19347057163273.79,345405448323.9208,94455744756.98228,38083985686.75168,U_3
16419850604820.219,337745185135.7114,93382911796.73932,37823704672.49394,U_3
14009114692816.748,330339279223.97284,92328702954.72903,37566260225.31738,U_3
12065556540998.025,323176560963.15094,91292689503.17877,37311611423.47161,U_3
10494518542308.463,316246468847.85187,90274454992.3122,37059718082.37312,U_3
9212458550683.223,309539010091.93256,89273594830.1778,36810540737.347145,U_3
8154511291566.79,303044724170.71094,88289715879.80376,36564040628.66545,U_3
7271846391390.596,296754649084.42554,87322436071.59393,36320179686.63587,U_3
6527806922179.29,290660290080.56537,86371384030.49467,36078920516.16188,U_3
5894680828543.355,284753590658.3456,85436198720.09929,35840226384.365944,U_3
5351296901461.211,279026905649.1284,84516529098.54893,35604061204.03416,U_3
4881293506418.582,273472976212.38696,83612033786.35138,35370389521.48823,U_3
4471879797110.375,268084906591.3376,82722380751.24982,35139176503.61322,U_3
4112945581382.094,262856142487.44366,81847247000.76045,34910387923.90168,U_3
3796416130364.071,257780450925.6306,80986318289.11554,34683990149.95721,U_3
3515779591045.301,252851901492.92514,80139288833.7349,34459950131.801575,U_3
3265736974136.876,248064848848.93384,79305861044.20908,34238235389.694458,U_3
3041940050320.022,243413916403.22534,78485745257.22699,34018814001.607765,U_3
2840792966610.261,238893981076.16403,77678659488.39381,33801654592.705795,U_3
2659300550412.888,234500159058.97488,76884329186.57014,33586726323.156357,U_3
2494951185334.782,230227792504.29663,76102486999.90138,33373998878.560207,U_3
2345625549702.623,226072437070.05325,75332872550.73729,33163442456.959175,U_3
2209524892448.795,222029850258.42648,74575232218.1869,32955027761.817177,U_3
2085114205472.0356,218095980496.84265,73829318929.18927,32748725988.620155,U_3
1971076854393.0989,214266956897.79877,73094891955.84195,32544508816.85972,U_3
1866278096680.492,210539079658.4847,72371716720.742,32342348399.74848,U_3
1769735547425.683,206908811050.80954,71659564609.9885,32142217354.087708,U_3
1680595117020.0574,203372766958.54724,70958212791.54152,31944088752.265434,U_3
1598111288761.0886,199927708930.89377,70267444039.97443,31747936112.44479,U_3
1521630861701.0298,196570536708.04337,69587046569.28047,31553733390.095695,U_3
1450579477636.9226,193298281192.48196,68916813868.83649,31361454968.64011,U_3
1384450398667.9705,190108097837.8095,68256544547.408104,31171075651.65275,U_3
1322795114140.745,186997260418.0792,67606042180.62558,30982570654.912945,U_3
1265215442729.9658,183963155161.9423,66965115164.77607,30795915597.774567,U_3
1211356862745.378,181003275223.87473,66333576576.91831,30611086495.224632,U_3
1160902856314.8745,178115215468.27322,65711244035.84874,30428059750.622185,U_3
1113570094397.7283,175296667550.59338,65097939572.14523,30246812147.998615,U_3
1069104322202.6355,172545415273.29245,64493489499.557106,30067320844.679153,U_3
1027276830489.7134,169859330199.36993,63897724292.743065,29889563364.24566,U_3
987881418964.7875,167236367509.5909,63310478466.78985,29713517589.072662,U_3
950731774592.1288,164674562084.92844,62731590463.71761,29539161754.1277,U_3
915659200993.6786,162172024802.7049,62160902540.28362,29366474439.869938,U_3
882510646029.9156,159726939031.27542,61598260659.822876,29195434565.755745,U_3
851146983465.9089,157337557313.10422,61043514389.82373,29026021383.655193,U_3
821441511840.3395,155002198224.7898,60496516799.27508,28858214471.857956,U_3
793278639624.0116,152719243398.33923,59957124362.66323,28691993728.76351,U_3
766552730578.2789,150487134703.135,59425196864.401764,28527339366.75286,U_3
741167087340.8181,148304371571.41125,58900597308.99639,28364231906.944675,U_3
717033054543.4901,146169508461.21713,58383191831.83722,28202652172.666557,U_3
694069225637.9386,144081152449.1021,57872849613.61486,28042581284.089222,U_3
672200739867.3845,142037960947.14966,57369442797.21623,27884000652.97788,U_3
651358657848.222,140038639532.02536,56872846409.22008,27726891977.069077,U_3
631479405825.6277,138081939883.23233,56382938280.28537,27571237234.871105,U_3
612504280068.7189,136166657824.73404,55899598970.543976,27417018680.379196,U_3
594379004080.2336,134291631464.26985,55422711697.39401,27264218838.387062,U_3
577053332236.8804,132455739418.90326,54952162263.75166,27112820499.15796,U_3
560480694372.5723,130657899131.70807,54487838989.991394,26962806713.77022,U_3
544617876536.68994,128897065268.04785,54029632648.617615,26814160789.48016,U_3
529424733735.62427,127172228187.95659,53577436398.443054,26666866284.892937,U_3
514863931068.731,125482412491.36346,53131145722.90096,26520907005.657177,U_3
500900710070.6662,123826675632.94829,52690658369.830025,26376266999.716988,U_3
487502677482.5946,122204106603.0353,52255874292.46407,26232930553.25112,U_3
474639614020.26404,120613824666.20389,51826695592.707924,26090882186.383846,U_3
462283301002.14105,119054978161.27219,51403026466.05465,25950106648.957973,U_3
450407362944.56024,117526743357.53401,50984773147.88175,25810588916.292145,U_3
438987124475.56537,116028323358.94656,50571843861.38522,25672314185.452183,U_3
427999480058.6538,114558947062.63026,50164148767.768814,25535267871.361137,U_3
417422775272.79645,113117868163.08665,49761599917.10107,25399435602.64178,U_3
9.5089666799569e+17,2112356965897.6523,531700760003.81274,207374590735.06918,U_4
1.066736271769001e+17,2061435875971.0405,525392396175.85803,205915537156.05234,U_4
6.589686429284529e+16,2012350181968.1052,519198184855.21545,204472794164.69,U_4
3.758080817024032e+16,1965012431758.2659,513115387068.9488,203046120314.1425,U_4
4178847573628041.0,1919340336812.8777,507141345586.70166,201635278614.25092,U_4
145170328026494.94,1875256409549.377,501273482007.32,200240036433.0929,U_4
120523460355293.03,1832687630135.7249,495509293967.2338,198860165401.2294,U_4
101073289654487.39,1791565140028.581,489846352462.968,197495441318.36908,U_4
85239571845541.08,1751823959825.044,484282299283.0163,196145644062.20895,U_4
72628018354693.12,1713402729242.9014,478814844544.38104,194810557499.7542,U_4
62556529356716.03,1676243467255.7341,473441764328.576,193489969400.89435,U_4
54432758464383.71,1640291350622.2742,468160898412.3336,192183671354.07785,U_4
47802168222345.47,1605494509205.0474,462970148089.23425,190891458684.21777,U_4
42326260794852.516,1571803836641.6055,457867474077.9426,189613130372.48077,U_4
37753612814236.65,1539172815057.1885,452850894512.20483,188348488978.1714,U_4
33896148589667.11,1507557352642.9817,447918483010.68805,187097340562.58392,U_4
30611669777538.613,1476915633027.0745,443068366822.443,185859494614.78906,U_4
27791388091363.855,1447207975473.5356,438298725042.7575,184634763979.0824,U_4
25351081987582.383,1418396705016.3262,433607786899.5344,183422964784.282,U_4
23224797698509.7,1390446031737.8804,428993830104.39954,182223916374.88046,U_4
21360323768396.453,1363321938457.657,424455179267.75226,181037441243.7024,U_4
19715905455897.734,1336992076165.8762,419990204373.11237,179863364966.35538,U_4
18257832565153.688,1311425666599.677,415597319309.1372,178701516137.1201,U_4
16958648594884.494,1286593411404.7231,411274980457.7453,177551726306.46082,U_4
15795806584243.273,1262467407381.6072,407021685333.61597,176413829920.21368,U_4
14750649611036.277,1239021067350.65,402835971275.4773,175287664259.62573,U_4
13807629781288.422,1216229046215.4072,398716414184.73413,174173069383.97952,U_4
12953704244658.227,1194067171837.041,394661627311.49475,173069888073.19833,U_4
12177863927867.004,1172512380363.7761,390670260084.069,171977965772.8342,U_4
11470762719015.084,1151542655689.105,386740996981.8036,170897150539.7817,U_4
10824423371024.215,1131136972742.0234,382872556447.9085,169827292989.7573,U_4
10232002503780.277,1111275244332.1033,379063689842.53406,168768246245.69818,U_4
9687601502814.162,1091938271297.3011,375313180432.2012,167719865887.30206,U_4
9186113336870.102,1073107695720.2878,371619842416.0199,166682009901.84506,U_4
8723097691432.095,1054765957002.3882,367982519986.11237,165654538636.41827,U_4
8294678579016.706,1036896250593.3762,364400086421.2823,164637314750.9287,U_4
7897459908439.093,1019482489196.001,360871443212.3845,163630203171.94,U_4
7528455492460.128,1002509266278.7028,357395519218.4966,162633071048.5171,U_4
7185030732062.903,985961821738.012,353971269852.1522,161645787708.02774,U_4
6864853796754.191,969826009566.9633,350597676292.8219,160668224613.6407,U_4
6565854568702.767,954088267400.1614,347273744727.4698,159700255322.34818,U_4
6286189966734.805,938735587807.597,343998505617.25903,158741755444.46994,U_4
6024214538197.027,923755491224.408,340771012988.90546,157792602603.53143,U_4
5778455420620.797,909136000411.8755,337590343750.3984,156852676397.4398,U_4
5547590944033.482,894865616350.4785,334455597029.61273,155921858360.23227,U_4
5330432279264.437,880933295473.957,331365893535.16583,155000031925.03802,U_4
5125907644908.169,867328428159.6178,328320374938.7282,154087082387.38126,U_4
4933048671796.283,854040818396.3673,325318203277.6607,153182896869.72064,U_4
4750978593429.25,841060664556.1881,322358560377.6223,152287364286.75052,U_4
4578901987217.569,828378541203.655,319440647294.23157,151400375311.26593,U_4
4416095837251.928,815985381876.9719,316563683772.906,150521822340.8963,U_4
4261901726898.7705,803872462782.7457,313726907726.3192,149651599465.35883,U_4
4115719000327.189,792031387350.1561,310929574728.8794,148789602435.0194,U_4
3976998757442.1523,780454071591.7308,308170957527.4988,147935728629.46225,U_4
3845238567761.624,769132730224.1106,305450345568.2559,147089877026.99097,U_4
3719977806167.106,758059863503.328,302767044538.10516,146251948175.0713,U_4
3600793528036.8247,747228244731.9596,300120375921.15906,145421844160.96915,U_4
3487296813372.3755,736630908402.2953,297509676569.2475,144599468583.39462,U_4
3379129519766.62,726261138933.558,294934298285.7565,143784726524.39923,U_4
3275961392602.424,716112459975.5436,292393607422.7867,142977524522.1565,U_4
3177487488120.2227,706178624241.0933,289886984491.0307,142177770544.3285,U_4
3083425871100.1577,696453603840.4462,287413823781.3218,141385373961.85474,U_4
2993515554107.9487,686931581088.7711,284973532998.34204,140600245523.36087,U_4
2907514649683.2583,677606939760.2102,282565532905.6375,139822297329.8682,U_4
2825198710602.2007,668474256764.1462,280189256981.4789,139051442810.66534,U_4
2746359236591.7573,659528294220.4336,277844151085.2512,138287596699.23837,U_4
2670802328613.1235,650763991912.0736,275529673133.8795,137530675009.47208,U_4
2598347474251.436,642176460093.6932,273245292788.3882,136780595012.83777,U_4
2528826449758.77,633760972639.1548,270990491149.62064,136037275215.94942,U_4
2462082326078.497,625512960507.6469,268764760463.20847,135300635338.36394,U_4
2397968567724.188,617428005512.9902,266567603833.74185,134570596290.99675,U_4
2336348214699.036,609501834379.8492,264398534946.9196,133847080155.05162,U_4
2277093138793.4927,601730313071.021,262257077800.09363,133130010161.31883,U_4
2220083366619.894,594109441372.4971,260142766441.07977,132419310669.80215,U_4
2165206462598.891,586635347723.5969,258055144714.55194,131714907149.79953,U_4
1.204693334226386e+18,839422020203.5751,210654925464.51828,82108482019.19849,U_5
1.773754412628681e+17,819107927293.3683,208153080896.27664,81530550132.56749,U_5
4.7618165086442344e+16,799529676067.8589,205696567187.2111,80959082081.3394,U_5
2.3950650132238584e+16,780651996464.8319,203284294925.72922,80393982121.30219,U_5
2132995623238863.2,762441715150.8348,200915207274.76108,79835156276.68306,U_5
63378415793061.66,744867607146.9508,198588278806.99057,79282512301.79868,U_5
53578188883845.08,727900259607.7133,196302514391.84305,78735959642.40572,U_5
44836196361937.42,711511946617.3562,194056948124.96527,78195409398.95299,U_5
37496843071748.5,695676513996.4395,191850642303.6582,77660774289.28462,U_5
31646219823575.93,680369273210.7291,189682686443.85605,77131968614.19928,U_5
27010440583594.65,665566903571.2253,187552196336.18533,76608908223.44086,U_5
23309394999850.6,651247361985.4723,185458313138.98273,76091510482.1376,U_5
20320362092064.78,637389799601.1545,183400202510.81378,75579694237.59264,U_5
17876581908950.273,623974484747.2096,181377053775.55585,75073379788.02565,U_5
15854796548029.766,610982731628.2418,179388079119.4268,74572488851.1327,U_5
14163612639809.047,598396834296.4414,177432512820.68835,74076944533.82281,U_5
12734632036533.254,586200005434.8568,175509610511.69888,73586671303.53494,U_5
11516073017681.578,574376319587.2776,173618648465.06882,73101594958.07558,U_5
10468256540785.426,562910660440.6775,171758922911.0615,72621642598.7751,U_5
9560412971098.875,551788671839.288,169929749380.26263,72146742603.56291,U_5
8768407871925.982,540996712242.14954,168130462071.4085,71676824597.86003,U_5
8073106512377.431,530521812334.44434,166360413242.07123,71211819430.87228,U_5
7459184728626.348,520351635554.7886,164618972624.79327,70751659149.87029,U_5
6914254474841.199,510474441305.6729,162905526862.7346,70296276973.68765,U_5
6428213536485.595,500879050642.62524,161219478968.85422,69845607269.93396,U_5
5992756662932.529,491554814250.79315,159560247801.66125,69399585531.57025,U_5
5601004212243.747,482491582539.0429,157927267565.80084,68958148353.17079,U_5
5247217262460.944,473679677688.19446,156319987325.3415,68521233409.12273,U_5
4926577005415.85,465109867511.7389,154737870538.54703,68088779430.73134,U_5
4635012405095.954,456773340994.6697,153180394608.69852,67660726184.52932,U_5
4369064436770.6123,448661685391.5008,151647050450.5562,67237014453.17581,U_5
4125778300601.181,440766864761.2325,150137342072.77332,66817586013.4177,U_5
3902617210368.6104,433081199848.7779,148650786176.30524,66402383615.76298,U_5
3697392956277.289,425597349207.7553,147186911765.16248,65991350966.737526,U_5
3508209608777.5566,418308291480.5968,145745259773.53262,65584432708.28889,U_5
3333417591691.7446,411207308761.4624,144325382703.96994,65181574399.56738,U_5
3171575993963.985,404287970957.39484,142926844278.26117,64782722499.255615,U_5
3021421469212.8955,397544121081.8664,141549219102.37335,64387824346.92103,U_5
2881842436138.4937,390969861425.2635,140192092341.74954,63996828146.3285,U_5
2751857568833.175,384559540531.1102,138855059407.99338,63609682948.908775,U_5
2630597778422.531,378307740935.4751,137537725655.9419,63226338635.43794,U_5
2517291050958.2925,372209267611.37384,136239706092.55011,62846745902.003525,U_5
2411249633909.3545,366259137074.33936,134960625093.96739,62470856242.66268,U_5
2311859163202.52,360452567111.71936,133700116133.62021,62098621934.179855,U_5
2218569400732.341,354784967083.7288,132457821518.25848,61729996021.7049,U_5
2130886314424.7026,349251928769.6445,131233392134.40758,61364932303.43276,U_5
2048365282244.771,343849217720.8156,130026487200.95586,61003385315.76476,U_5
1970605240704.3896,338572765089.39197,128836774032.96057,60645310320.47336,U_5
1897243630263.047,333418659902.41113,127663927811.46725,60290663288.953445,U_5
1827952015450.637,328383141753.18066,126507631359.77507,59939400890.03541,U_5
1762432278320.3582,323462593886.11536,125367574930.63664,59591480477.17251,U_5
1700413300706.159,318653536649.94617,124243455997.80823,59246860074.542534,U_5
1641648064560.3933,313952621295.7692,123134979052.60036,58905498364.952484,U_5
1585911110993.705,309356624101.8374,122041855412.23894,58567354676.40184,U_5
1532996307970.9575,304862440803.0557,120963803030.05244,58232388972.27538,U_5
1482714884397.7659,300467081309.9218,119900546312.62527,57900561836.91653,U_5
1434893694730.361,296167664697.14795,118851815944.51591,57571834465.57851,U_5
1389373683591.0842,291961414447.8243,117817348716.24596,57246168653.524155,U_5
1346008524386.3528,287845653937.4027,116796887359.72629,56923526783.537155,U_5
1304663409649.3408,283817802145.5476,115790180386.86345,56603871815.681435,U_5
1265213974027.8247,279875369579.1533,114796981935.16385,56287167276.76197,U_5
1227545333470.6638,276015954400.3322,113817051617.753,55973377250.42821,U_5
1191551226453.1914,272237238743.64386,112850154376.03278,55662466366.73704,U_5
1157133245009.0212,268536985209.16483,111896060339.42645,55354399791.50453,U_5
1124200144928.403,264913033531.3784,110954544689.05025,55049143217.41843,U_5
1092667225931.2961,261363297402.8055,110025387523.37628,54746662854.17124,U_5
1062455773776.8773,257885761452.94455,109108373731.3728,54446925419.00576,U_5
1033492557323.2837,254478478369.38998,108203292867.10931,54149898127.126465,U_5
1005709374388.6729,251139566153.11606,107309939027.85933,53855548684.96424,U_5
979042641091.8317,247867205503.84995,106428110738.47298,53563845279.499214,U_5
953433019935.0803,244659637328.4107,105557610836.7654,53274756569.01047,U_5
928825082510.9816,241515160359.58408,104698246362.79749,52988251677.021736,U_5
905167003168.3738,238432128887.31894,103849828451.92867,52704300181.28103,U_5
882410280439.5527,235408950593.7385,103012172231.19707,52422872108.76362,U_5
860509483364.3928,232444084484.0204,102185096718.77487,52143937925.36876,U_5
235098890234021.03,703987663.6837168,176895342.9140105,68968867.22277889,U_6
247977508452156.03,686978586.5810812,174795378.85850766,68483506.06742157,U_6
213363409312212.16,670584412.6268201,172733442.20080212,68003572.65767802,U_6
149497048188517.06,654775734.7705702,170708620.06722146,67528986.04956697,U_6
16435104418950.695,639524888.405215,168720026.1187425,67059667.47907608,U_6
54919230381.007835,624805833.5328147,166766801.1384328,66595539.32796315,U_6
41093641863.4373,610594037.0905943,164848110.57252058,66136525.9193169,U_6
36526268429.085,596866365.9241498,162963144.74170282,65682552.57862456,U_6
31063183494.779236,583600998.9267129,161111117.1513856,65233545.973552845,U_6
26315429669.708878,570777335.642566,159291264.77759945,64789434.16113575,U_6
22463650812.557297,558375911.6650416,157502845.72744468,64350145.92155158,U_6
19372004956.53597,546378327.6565369,155745140.54635018,63915612.55353644,U_6
16875981644.182705,534767180.4576163,154017449.38195887,63485765.993390135,U_6
14839213362.884014,523525994.47576445,152319092.600569,63060539.72496891,U_6
13157699922.956142,512639167.97712386,150649409.41667956,62639867.34849263,U_6
11753693762.988396,502091915.30884176,149007757.7113553,62223683.28610426,U_6
10569031839.906061,491870216.5663735,147393513.37822238,61811925.82226841,U_6
9559835330.86117,481960769.0648315,145806069.75631124,61404532.57584597,U_6
8692628722.711435,472350944.3986418,144244835.98445645,61001441.534687676,U_6
7941565959.030962,463028749.5538923,142709238.48245028,60602593.017511055,U_6
7286454233.459442,453982788.3642727,141198718.98252782,60207928.01736563,U_6
6711338201.798908,445202221.0183081,139712734.31772786,59817387.91571951,U_6
6203476235.395219,436676738.8228059,138250756.1071903,59430916.17964395,U_6
5752592043.81054,428396530.3317562,136812269.63596413,59048456.77852193,U_6
5350321218.207981,420352250.06870615,135396773.70281816,58669954.325719975,U_6
4989797420.700839,412534997.6486153,134003781.63830571,58295354.749053776,U_6
4665339480.005627,404936287.9970969,132632818.80565952,57924605.28408951,U_6
4372212351.302369,397548029.20101035,131283423.00411916,57557653.04344049,U_6
4106442672.4727354,390362502.7549366,129955143.74834342,57194446.60433423,U_6
3864675144.9254613,383372339.8891402,128647543.58021867,56834935.38921721,U_6
3644059680.671415,376570506.9567896,127360195.37877671,56479069.86316771,U_6
3442162007.675285,369950282.5374806,126092682.42540549,56126801.34261621,U_6
3256892305.858082,363505244.1080782,124844599.47458443,55778081.80491123,U_6
3086447820.349536,357229250.4028912,123615552.15371129,55432863.48644602,U_6
2929266410.6225867,351116428.7334878,122405154.73361327,55091100.079296984,U_6
2783988627.232145,345161159.14978456,121213032.04411304,54752745.86972481,U_6
2649426773.576867,339358061.99541265,120038818.31950113,54417755.941344544,U_6
2524539210.962308,333701985.6375253,118882156.46947344,54086086.44706385,U_6
2408409163.7716007,328187996.21533346,117742698.4905159,53757693.6174777,U_6
2300227019.1449757,322811363.7861755,116620104.83600034,53432534.51970504,U_6
2199275537.872128,317567555.1627929,115514044.79414208,53110567.02288445,U_6
2104917369.0120668,312452222.9115705,114424195.2380667,52791750.15196246,U_6
2016584529.0106997,307461196.3980797,113350241.08465369,52476042.86258846,U_6
1933769454.0056818,302590472.5081777,112291874.8565385,52163405.13865313,U_6
1856017402.3965034,297836209.39617294,111248796.47998056,51853797.70468244,U_6
1782919934.2885835,293194716.4208278,110220712.9125961,51547181.6331169,U_6
1714109320.5733852,288662449.39693564,109207338.29317167,51243518.7094169,U_6
1649253751.8849545,284236001.7759819,108208393.58520283,50942771.43964808,U_6
1588053167.9733124,279912099.5949905,107223606.35409205,50644902.977629416,U_6
1530235648.879441,275687594.37035924,106252710.39605117,50349876.686793104,U_6
1475554297.8131502,271559458.024024,105295445.8363283,50057656.95005441,U_6
1423784495.5647397,267524776.33497378,104351558.70292172,49768208.53659133,U_6
1374721533.3075774,263580746.0489301,103420801.38331112,49481496.647544034,U_6
1328178502.9022353,259724667.14694434,102502931.40864138,49197487.15114389,U_6
1283984469.1117394,255953939.68750334,101597712.15214087,48916146.431913584,U_6
1241982842.0616379,252266060.52478316,100704912.34704158,48637441.42595379,U_6
1202029951.198295,248658615.9128148,99824306.15706395,48361339.51798098,U_6
1163993778.76231,245129280.5811904,98955672.78178379,48087808.74401408,U_6
1127752842.3953154,241675812.76564083,98098796.12532558,47816817.416105166,U_6
1093195188.991997,238296050.8005145,97253465.34078695,47548334.44324673,U_6
1060217509.2960086,234987909.3140275,96419474.02207866,47282329.1961053,U_6
1028724346.7870892,231749376.03078473,95596620.5375819,47018771.51623568,U_6
998627387.1866791,228578509.2061656,94784707.66225025,46757631.77320525,U_6
969844821.9941291,225473434.82260308,93983542.34205036,46498880.66162728,U_6
942300780.772577,222432342.62651473,93192936.11832553,46242489.39209139,U_6
915924817.1445963,219453485.17352214,92412704.33854474,45988429.570552066,U_6
890651452.2447364,216535173.61931235,91642666.49846195,45736673.259125695,U_6
866419750.0799242,213675776.2701887,90882646.1959686,45487192.988182835,U_6
843172950.4454348,210873716.58942622,90132470.27855368,45239961.551916964,U_6
820858125.2953681,208127469.95368394,89391970.03822468,44994952.238514684,U_6
799425871.5715731,205435561.82332143,88660979.83543444,44752138.76913298,U_6
778830030.806907,202796567.21241075,87939337.93455654,44511495.25669786,U_6
759027437.7911427,200209106.84230825,87226885.37204653,44272996.11098982,U_6
739977687.2970867,197671846.23112825,86523467.34670343,44036616.17693231,U_6
721642927.3036098,195183494.12054726,85828932.02692854,43802330.64692679,U_6
1.3230270455175134e+16,70045995946.79373,17654506826.20148,6887550695.118147,U_7
1.1482987242176578e+16,68360279955.18806,17445138963.263145,6839099631.641476,U_7
1.3640784315164446e+16,66735195587.25842,17239557521.044342,6791190077.211207,U_7
1.1429590230763538e+16,65167861058.47827,17037671712.345018,6743814018.168885,U_7
1275385369335450.2,63655564267.743515,16839393457.289162,6696963588.543919,U_7
4909496779632.035,62195750914.43057,16644637286.737465,6650631066.881403,U_7
3678876606157.647,60786013579.65782,16453320249.968739,6604808873.360459,U_7
3220252663727.5566,59424081679.05583,16265361826.205647,6559489566.544585,U_7
2751888359074.9395,58107812212.40307,16080683839.530361,6514665840.21313,U_7
2354961266979.9355,56835181235.72574,15899210377.103737,6470330520.436523,U_7
2032054097737.8933,55604275991.10818,15720867711.755102,6426476562.6989975,U_7
1770099887903.3484,54413287640.313156,15545584225.780787,6383097049.486878,U_7
1555923644281.256,53260504546.528786,15373290339.688856,6340185187.184528,U_7
1378945090935.118,52144306058.95828,15203918442.75994,6297734303.274562,U_7
1231109092582.6396,51063156756.86794,15037402826.04802,6255737844.338269,U_7
1106343963996.52,50015601115.7534,14873679619.207844,6214189372.854084,U_7
1000052746250.1887,49000258558.077774,14712686728.598211,6173082565.145774,U_7
908721426248.8396,48015818860.452126,14554363778.315199,6132411209.096918,U_7
829633358763.7803,47061037886.56937,14398652053.815527,6092169200.89177,U_7
760664034745.6295,46134733617.33112,14245494446.743183,6052350544.197951,U_7
700133429492.6023,45235782459.0891,14094835402.791027,6012949346.934397,U_7
646698983413.2628,44363115806.13967,13946620871.121552,5973959819.240715,U_7
599277249068.2833,43515716835.6439,13800798255.969002,5935376271.2603655,U_7
556985891341.2056,42692617519.93792,13657316369.599098,5897193111.504072,U_7
519100273617.4065,41892895838.25894,13516125387.155703,5859404844.536397,U_7
485020607313.7586,41115673172.80128,13377176804.069508,5822006068.84172,U_7
454246834932.5404,40360111874.97967,13240423393.242355,5784991475.293693,U_7
426359235929.40906,39625412990.903305,13105819165.56099,5748355844.947161,U_7
401003311756.3739,38910814131.11473,12973319331.082926,5712094047.42735,U_7
377877902538.2954,38215587478.50897,12842880261.216589,5676201038.65033,U_7
356725767473.3708,37539037919.94712,12714459452.915379,5640671859.906437,U_7
337326060425.0997,36880501296.14733,12588015494.898764,5605501635.632007,U_7
319488275692.2647,36239342759.67325,12463508032.870836,5570685571.454399,U_7
303047343464.0984,35614955232.718605,12340897737.9677,5536218953.323741,U_7
287859631062.96075,35006757960.48263,12220146275.246716,5502097145.161423,U_7
273799662950.36002,34414195151.54461,12101216274.165884,5468315587.873567,U_7
260757415011.88577,33836734697.970825,11984071299.516548,5434869797.387519,U_7
248636070377.8857,33273866973.923065,11868675822.87604,5401755363.530906,U_7
237350148693.58356,32725103703.277466,11754995196.309423,5368967948.524567,U_7
226823939092.89984,32189976893.416946,11642995626.261887,5336503285.258432,U_7
216990181569.9095,31668037831.334507,11532644147.647411,5304357176.290811,U_7
207788952550.15378,31158856136.64324,11423908600.323578,5272525492.12432,U_7
199166719125.7745,30662018869.1046,11316757605.778784,5241004170.211724,U_7
191075533306.1647,30177129686.11561,11211160543.569128,5209789213.671963,U_7
183472342978.39926,29703808047.618324,11107087530.122349,5178876689.625821,U_7
176318400499.67212,29241688464.84881,11004509397.451319,5148262728.248399,U_7
169578753460.47208,28790419790.2916,10903397672.36261,5117943521.694152,U_7
163221804694.1738,28349664547.266384,10803724556.921427,5087915322.71421,U_7
157218930959.8915,27919098295.159252,10705462909.435717,5058174443.401878,U_7
151544151484.70337,27498409029.281445,10608586225.888279,5028717254.363053,U_7
146173839019.18753,27087296612.4554,10513068621.632263,4999540183.189515,U_7
141086467257.92987,26685472236.30901,10418884814.662539,4970639713.977973,U_7
136262389475.2086,26292657911.87766,10326010108.383917,4942012385.858032,U_7
131683644016.39218,25908585985.786003,10234420375.816679,4913654791.824693,U_7
127333782977.33018,25532998683.012123,10144092043.639143,4885563578.221802,U_7
123197720951.95059,25165647670.37172,10055002077.009584,4857735443.205065,U_7
119261601192.2273,24806293645.66539,9967127965.164799,4830167136.204067,U_7
115512676925.57608,24454705945.31994,9880447706.270863,4802855456.831385,U_7
111939205885.31255,24110662172.127506,9794939795.171473,4775797253.818232,U_7
108530356394.80977,23773947842.59304,9710583208.737951,4748989424.263206,U_7
105276123579.7859,23444356050.344147,9627357393.488605,4722428912.730979,U_7
102167254471.40045,23121687147.612385,9545242252.760086,4696112710.448986,U_7
99195180936.00067,22805748440.56858,9464218134.66307,4670037854.253342,U_7
96351959507.39201,22496353900.99223,9384265820.703764,4644201425.938428,U_7
93630217318.77339,22193323891.105835,9305366513.9366,4618600551.357224,U_7
91023103433.78235,21896484901.513233,9227501828.116262,4593232399.598772,U_7
88524244971.27013,21605669302.066666,9150653776.528463,4568094182.386671,U_7
86127707487.4135,21320715103.513115,9074804762.208145,4543183153.075788,U_7
83827959146.81557,21041465731.99427,8999937567.694025,4518496605.951739,U_7
81619838275.73297,20767769812.215565,8926035345.115452,4494031875.786735,U_7
79498523934.24893,20499480961.960194,8853081606.625463,4469786336.743226,U_7
77459509191.36272,20236457595.263237,8781060215.53594,4445757401.87999,U_7
75498576819.70528,19978562735.04363,8709955376.8172,4421942522.388835,U_7
73611777164.84367,19725663833.930763,8639751629.04518,4398339186.923787,U_7
71795407968.47598,19477632603.71063,8570433835.836183,4374944920.9572115,U_7
3.886445491685916e+16,143224544981.7425,36021883002.18572,14046958674.264631,U_8
2.131244053632418e+16,139768306810.17395,35594386090.126114,13948116114.062866,U_8
2.1517193224621816e+16,136436813864.10588,35174627605.08403,13850378648.869455,U_8
1.5546583730604896e+16,133224112571.4102,34762421792.09093,13753729917.294844,U_8
1750480515005099.2,130124601557.64767,34357588442.07053,13658153859.871347,U_8
10866553595034.188,127133006857.65495,33959952694.865566,13563634712.441372,U_8
8263757671719.709,124244359146.71042,33569344849.576572,13470156999.92348,U_8
7064829143754.83,121453972797.26503,33185600182.783634,13377705529.914968,U_8
5973734585189.617,118757426608.44328,32808558774.050694,13286265386.081654,U_8
5078747163389.052,116150546044.14464,32438065338.798157,13195821922.398027,U_8
4360455149787.164,113629386854.69688,32073969068.129826,13106360757.965994,U_8
3782281930805.452,111190219955.01048,31716123474.142475,13017867769.966516,U_8
3312257557778.406,108829517452.0781,31364386242.561394,12930329089.357847,U_8
2925727225642.8784,106543939723.06892,31018619090.727,12843731094.905313,U_8
2604231631797.481,104330323454.95375,30678687630.70812,12758060407.092005,U_8
2333978285052.179,102185670559.74544,30344461238.960518,12673303884.668993,U_8
2104583992046.2974,100107137900.32686,30015812929.84544,12589448618.52418,U_8
1908146619274.202,98092027752.55493,29692619234.936157,12506481926.498806,U_8
1738580691209.786,96137778950.46848,29374760086.789604,12424391349.3897,U_8
1591144314991.2336,94241958653.94724,29062118706.409233,12343164645.687214,U_8
1462100688417.0566,92402254688.88937,28754581496.22183,12262789787.731524,U_8
1348473685871.7112,90616468420.68822,28452037936.522938,12183254956.296652,U_8
1247869456707.1985,88882508112.31555,28154380485.973835,12104548537.059118,U_8
1158344725862.4973,87198382733.02219,27861504484.976433,12026659115.779194,U_8
1078308472855.3206,85562196182.36931,27573308064.061016,11949575474.488413,U_8
1006447727370.9232,83972141899.61928,27289692055.44533,11873286587.397516,U_8
941670981927.4006,82426497823.81091,27010559906.425285,11797781617.256565,U_8
883064612756.3705,80923621685.45499,26735817597.436214,11723049910.898993,U_8
829859005799.7257,79461946601.48035,26465373563.08059,11649080995.856766,U_8
781401995452.7582,78039976951.6662,26199138615.053467,11575864576.770504,U_8
737137865505.5905,76656284516.35272,25937025868.69573,11503390531.382122,U_8
696590618621.4623,75309504856.36113,25678950671.48736,11431648907.642117,U_8
659350549315.5953,73998333919.00162,25424830535.28799,11360629920.032866,U_8
625063394021.2223,72721524852.12926,25174585069.606594,11290323945.832129,U_8
593421506822.1948,71477885014.02989,24928135917.982464,11220721522.52479,U_8
564156638705.8654,70266273165.2296,24685406696.5574,11151813344.362095,U_8
537033994902.9829,69085596824.97823,24446322934.85506,11083590259.247541,U_8
511847317247.4227,67934809790.74207,24210812018.40093,11016043265.278784,U_8
488414793832.25116,66812909800.012085,23978803133.318645,10949163508.557999,U_8
466575640030.81726,65718936329.61114,23750227213.32767,10882942279.868353,U_8
446187227420.67004,64651968524.291435,23525016888.05334,10817371011.759125,U_8
427122662143.0653,63611123243.983536,23303106432.620914,10752441276.080929,U_8
409268733764.4413,62595553220.269516,23084431721.054253,10688144781.093626,U_8
392524170975.7574,61604445320.77449,22868930178.455067,10624473368.73874,U_8
376798152638.83075,60637018908.54691,22656540736.695854,10561419012.2983,U_8
362009032073.24036,59692524292.72965,22447203791.081997,10498973813.676706,U_8
348083240321.41125,58770241267.24955,22240861158.55618,10437130000.846899,U_8
334954340131.40594,57869477726.672905,22037456037.09829,10375879925.849148,U_8
322562207330.03876,56989568359.3903,21836932966.22587,10315216061.984407,U_8
310852320298.10455,56129873409.33624,21639237789.53397,10255131001.86617,U_8
299775141466.31573,55289777506.76119,21444317617.490986,10195617454.7824,U_8
289285577396.77155,54468688558.044044,21252120793.072422,10136668244.845982,U_8
279342506208.5767,53666036696.70238,21062596856.519173,10078276308.692545,U_8
269908362881.48413,52881273287.371895,20875696512.41233,10020434693.086836,U_8
260948774432.18307,52113869982.827896,20691371597.824856,9963136553.577961,U_8
252432238214.7944,51363317828.25521,20509575050.34927,9906375151.773106,U_8
244329837579.78305,50629126412.62999,20330260878.994194,9850143853.654617,U_8
236614990005.51004,49910823062.87171,20153384135.267876,9794436127.599367,U_8
229263223515.2894,49207952078.261635,19978900883.877686,9739245542.55594,U_8
222251977788.07352,48520074002.86895,19806768175.97318,9684565766.264786,U_8
215560426890.7191,47846764935.081924,19636944022.720844,9630390563.100752,U_8
209169320972.2208,47187615870.701416,19469387369.50876,9576713792.612577,U_8
203060844631.26422,46542232078.29326,19304058071.143917,9523529407.683865,U_8
197218489969.12808,45910232504.610054,19140916867.945446,9470831452.98351,U_8
191626942611.9502,45291249209.40536,18979925362.166218,9418614063.0013,U_8
186271979203.65527,44684926826.64333,18821045995.624317,9366871460.826782,U_8
181140375058.39117,44090922051.401695,18664242027.270195,9315597955.969427,U_8
176219820846.75027,43508903152.334175,18509477512.28941,9264787943.358553,U_8
171498847298.9769,42938549504.83318,18356717281.73049,9214435901.691643,U_8
166966757072.57816,42379551148.803185,18205926921.845287,9164536391.828053,U_8
162613562996.95996,41831608363.300026,18057072755.45692,9115084055.227365,U_8
158429932026.98535,41294431264.11597,17910121822.41473,9066073612.726833,U_8
154407134308.12775,40767739418.59417,17765041861.393513,9017499863.085356,U_8
150536996824.70557,40251261476.801445,17621801293.170475,8969357681.515295,U_8
146811861163.45663,39744734821.35676,17480369202.04937,8921642018.469511,U_8
2323462577281943.5,30728187980.338852,7743334449.340604,3020777696.5293307,U_9
1018958745541119.2,29988522984.175488,7651498676.764268,2999527194.1922755,U_9
1707843592243968.8,29275468961.073215,7561323897.066899,2978514204.367996,U_9
1366806379556745.5,28587760773.660404,7472770280.306519,2957735211.9020452,U_9
172762729413568.2,27924207797.721043,7385799184.28373,2937186766.4490013,U_9
1982045091407.4792,27283688699.47297,7300373112.799998,2916865481.3708887,U_9
1639644392248.9329,26665146642.91317,7216455674.871525,2896768031.85302,U_9
1407686719328.4001,26067584875.266838,7134011545.2555,2876891153.798066,U_9
1197796613650.881,25490062665.643482,7053006426.7761135,2857231642.579709,U_9
1025243319100.2001,24931691557.96681,6973407016.421119,2837786351.4302163,U_9
885810006322.6605,24391631916.056778,6895180969.576154,2818552190.4954925,U_9
772689550181.5941,23869089732.009007,6818296867.682245,2799526125.654087,U_9
680016919495.009,23363313676.47521,6742724185.8407545,2780705176.6712146,U_9
603259575851.2358,22873592366.96927,6668433262.80414,2762086417.1442337,U_9
539001222984.7112,22399251842.992794,6595395272.5371475,2743666972.461597,U_9
484668601588.94257,21939653220.430412,6523582195.004598,2725444019.0253534,U_9
438308397744.58936,21494190521.42912,6452966790.024022,2707414783.1491923,U_9
398422021358.49274,21062288655.291626,6383522570.708776,2689576539.839023,U_9
363846566219.834,20643401545.655407,6315223779.671535,2671926611.8808684,U_9
333669395355.4763,20237010386.95802,6248045363.657919,2654462369.3071995,U_9
307166535902.73956,19842622022.715034,6181962950.955837,2637181227.6296816,U_9
283757843818.79517,19459767437.155,6116952830.809682,2620080647.0820823,U_9
262974027472.32117,19088000347.247704,6052991929.465888,2603158132.1585164,U_9
244432125951.26883,18726895891.579735,5990057791.668877,2586411230.2914047,U_9
227817075588.0503,18376049404.50662,5928128559.948033,2569837531.047717,U_9
212867707057.57227,18035075272.95029,5867182955.575522,2553434665.1801863,U_9
199366001217.92102,17703605870.40616,5807200261.185097,2537200303.9370494,U_9
187128766951.06363,17381290554.541206,5748160302.053434,2521132158.3429036,U_9
176001137203.43427,17067794735.400434,5690043429.235269,2505227977.784589,U_9
165851443015.6431,16762798998.36034,5632830504.016572,2489485550.1972337,U_9
156567141541.10422,16465998283.796427,5576502881.158307,2473902700.452247,U_9
148051557119.5773,16177101120.001062,5521042394.081215,2458477289.8530817,U_9
140221254713.72534,15895828901.636393,5466431340.421496,2443207215.730843,U_9
133003909008.47195,15621915212.589579,5412652467.324664,2428090410.227991,U_9
126336564765.2998,15355105190.960503,5359688958.308178,2413124839.955154,U_9
120164208255.13641,15095154931.625528,5307524419.875872,2398308505.21699,U_9
114438587662.03947,14841830925.944973,5256142868.490485,2383639439.2237406,U_9
109117233753.36635,14594909532.093266,5205528718.945489,2369115707.587058,U_9
104162642945.58704,14354176479.717436,5155666772.30755,2354735407.6177187,U_9
99541592502.93556,14119426400.869225,5106542204.0106,2340496667.7114797,U_9
95224563917.17865,13890462389.893478,5058140553.369876,2326397646.8130417,U_9
91185255336.13629,13667095586.524328,5010447712.761344,2312436533.6772294,U_9
87400167594.71425,13449144786.464273,4963449917.218533,2298611546.3772454,U_9
83848251347.07892,13236436068.76997,4917133734.508043,2284920931.7339864,U_9
80510605233.26086,13028802448.60018,4871486055.864516,2271362964.785418,U_9
77370216733.83133,12826083547.760757,4826494086.235356,2257935948.1574993,U_9
74411738906.79152,12628125280.730942,4782145335.277384,2244638211.6887836,U_9
71621297502.6729,12434779562.58795,4738427609.15634,2231468111.710892,U_9
68986323722.38742,12245904029.505316,4695329001.726046,2218424030.7593155,U_9
66495408821.14874,12061361776.543104,4652837886.560773,2205504376.8446574,U_9
64138177353.03631,11881021105.094448,4610942909.02791,2192707583.1073704,U_9
61905176328.49463,11704755289.382025,4569632979.052052,2180032107.3613386,U_9
59787778072.98571,11532442351.960646,4528897263.075065,2167476431.6112533,U_9
57778094844.75955,11363964851.651257,4488725177.629546,2155039061.5630774,U_9
55868903651.08982,11199209681.063978,4449106381.910974,2142718526.2036717,U_9
54053579829.02914,11038067877.295666,4410030771.593549,2130513377.320437,U_9
52326038298.57262,10880434440.912436,4371488472.145699,2118422189.1572285,U_9
50680681442.69118,10726208163.039242,4333469832.357576,2106443557.9591672,U_9
49112352800.2203,10575291462.2815,4295965418.7944565,2094576101.5580373,U_9
47616295827.47075,10427590230.530598,4258966009.5283933,2082818459.0133479,U_9
46188117099.27583,10283013684.063375,4222462588.661919,2071169290.1714492,U_9
44823753420.79231,10141474225.42669,4186446340.7000422,2059627275.313684,U_9
43519442369.22384,10002887307.908625,4150908645.262782,2048191114.7682953,U_9
42271695870.855255,9867171310.15356,4115841072.123788,2036859528.509595,U_9
41077276452.49358,9734247415.71028,4081235376.010776,2025631256.009768,U_9
39933175867.92485,9604039496.282297,4047083491.572568,2014505055.5703773,U_9
38836595824.68656,9476474004.234194,4013377529.144026,2003479704.1388292,U_9
37784930585.58427,9351479866.512735,3980109769.8358746,1992553997.0745344,U_9
36775751231.8505,9228988387.074272,3947272661.1116996,1981726747.6577373,U_9
35806791410.4391,9108933150.890371,3914858812.565871,1970996786.8443823,U_9
34875934407.37116,8991249934.009888,3882860991.9206257,1960362962.9322042,U_9
33981201409.802544,8875876616.595022,3851272120.806123,1949824141.2308414,U_9
33120740833.148224,8762753100.903952,3820085270.8061433,1939379203.7990117,U_9
32292818601.292904,8651821234.835436,3789293659.905982,1929027049.1879613,U_9
31495809278.301064,8543024733.126768,3758890648.553869,1918766592.037053,U_9
2.409756984446044e+16,190668325685.9833,48001704156.23834,18722414102.350445,U_10
1.5529231178077792e+16,186073050365.04565,47432223564.90657,18590689560.46119,U_10
1.8872135208780656e+16,181643361510.02548,46873047145.1024,18460437506.131073,U_10
1.2272542150252288e+16,177371371769.4613,46323927681.980034,18331636142.69339,U_10
1891027332918797.2,173249659345.3068,45784625338.95086,18204264076.12509,U_10
13036612612105.877,169271235308.4656,45254907393.01951,18078300305.63032,U_10
10587986232172.545,165429513564.58487,44734547984.16997,17953724215.1284,U_10
9062786895481.75,161718283233.91864,44223327872.41285,17830515565.03154,U_10
7685878828395.789,158131683217.64264,43721034206.15894,17708654483.847668,U_10
6556945465018.543,154664178757.5108,43227460301.06099,17588121460.081493,U_10
5647862535081.606,151310539816.7262,42742405426.79951,17468897334.502884,U_10
4913073396480.825,148065821113.0932,42265674600.90502,17350963293.150738,U_10
4313302347385.522,144925343668.29672,41797078392.52407,17234300858.775257,U_10
3818241059471.271,141884677741.03952,41336432734.51907,17118891884.053324,U_10
3405105997622.1797,138939627022.11133,40883558741.42269,17004718545.171545,U_10
3056792255963.6567,136086213993.0457,40438282534.94025,16891763334.260586,U_10
2760361968650.799,133320666344.94597,40000435077.79794,16780009052.765654,U_10
2505924982996.303,130639404376.16199,39569852011.87518,16669438805.264025,U_10
2285833691189.209,128039029280.57578,39146373503.27802,16560035992.8301,U_10
2094106705985.3572,125516312264.6543,38729844094.41689,16451784306.126991,U_10
1926014398788.092,123068184421.65544,38320112559.6841,16344667720.710241,U_10
1777778210513.503,120691727301.13045,37917031769.49515,16238670490.415558,U_10
1646350212203.5068,118384164126.42912,37520458556.171555,16133777141.586304,U_10
1529249716206.6807,116142851603.09688,37130253588.004524,16029972467.159433,U_10
1424440844212.9187,113965272275.47893,36746281245.31347,15927241521.501171,U_10
1330239809493.2175,111849027392.79706,36368409502.522514,15825569614.95228,U_10
1245243987701.9253,109791830240.09097,35996509814.85605,15724942308.74519,U_10
1168277132515.8977,107791499904.9289,35630457008.46107,15625345409.707653,U_10
1098346675764.9159,105845955447.04819,35270129174.62318,15526764965.300879,U_10
1034610160713.3656,103953210435.97635,34915407568.36233,15429187258.561293,U_10
976348641665.4758,102111367839.44173,34566176510.4699,15332598803.587833,U_10
922945443802.403,100318615228.06528,34222323292.178524,15236986340.85919,U_10
873869081587.8801,98573220279.83397,33883738084.77225,15142336832.67153,U_10
828659428842.8684,96873526562.11136,33550313851.45156,15048637458.533327,U_10
786916450240.4781,95217949566.80069,33221946262.31962,14955875611.138933,U_10
748290964596.0417,93604972991.97377,32898533613.16926,14864038891.886765,U_10
712477030747.3127,92033145240.14076,32579976745.871986,14773115106.714794,U_10
679205637112.5801,90501076128.43958,32266178972.46976,14683092262.349411,U_10
648239445230.1334,89007433792.06313,31957046002.048473,14593958562.004309,U_10
619368390070.6263,87550941768.2503,31652485869.2008,14505702401.807259,U_10
592405980616.107,86130376246.32985,31352408865.38435,14418312366.9375,U_10
567186175709.7673,84744563482.72708,31056727473.474777,14331777227.835463,U_10
543560734804.0768,83392377357.24983,30765356303.219498,14246085936.609098,U_10
521396962558.26935,82072737069.06894,30478212029.69278,14161227623.81731,U_10
500575781511.8402,80784604962.3349,30195213333.348156,14077191594.68279,U_10
480990079199.4884,79526984474.48523,29916280842.797794,13993967325.881794,U_10
462543285776.883,78298918193.89366,29641337078.432983,13911544462.17278,U_10
445148146002.1219,77099486025.73975,29370306399.320984,13829912813.353197,U_10
428725655676.2804,75927803459.29578,29103114950.403973,13749062350.88853,U_10
413204137758.27985,74783019925.62752,28839690612.318764,13668983204.954332,U_10
398518437500.92596,73664317244.33722,28579962952.893444,13589665661.555899,U_10
384609219340.661,72570908153.47293,28323863179.388,13511100159.351397,U_10
371422351023.67755,71502034915.65463,28071324093.644157,13433277286.972612,U_10
358908362804.422,70456967996.89093,27822280047.30043,13356187780.030727,U_10
347021971364.58624,69435004815.70863,27576666899.275543,13279822518.568716,U_10
335721659743.6904,68435468555.21572,27334421974.63303,13204172524.391085,U_10
324969305833.2588,67457707034.49936,27095484024.359985,13129228957.79886,U_10
314729853105.6178,66501091641.29619,26859793186.361088,13054983116.1958,U_10
304971018151.7997,65565016314.8909,26627290948.051838,12981426430.58578,U_10
295663030399.0479,64648896580.66662,26397920110.438644,12908550463.34374,U_10
286778399988.7979,63752168633.00025,26171624752.299896,12836346905.998026,U_10
278291710396.2413,62874288464.265335,25948350196.244534,12764807576.711771,U_10
270179432795.57138,62014731033.57679,25728042975.556633,12693924418.174154,U_10
262419759607.31714,61172989479.666695,25510650802.645576,12623689494.953793,U_10
254992454975.5249,60348574369.472786,25296122537.402256,12554094991.662998,U_10
247878720243.26334,59541012982.11884,25084408157.204823,12485133210.501398,U_10
241061072713.00565,58749848628.21592,24875458727.91586,12416796569.429796,U_10
234523236220.2654,57974640001.98541,24669226375.462883,12349077599.882488,U_10
228250042206.78775,57214960563.201614,24465664258.277092,12281968944.759085,U_10
222227340166.35645,56470397945.645424,24264726541.002884,12215463356.458838,U_10
216441916449.14783,55740553396.73508,24066368368.35067,12149553694.983326,U_10
210881420548.2616,55025041240.25562,23870545840.070812,12084232925.975908,U_10
205534298086.68756,54323488366.148056,23677215986.764153,12019494118.79658,U_10
200389729810.0104,53635533740.50523,23486336746.29873,11955330444.77218,U_10
195437575991.36746,52960827936.30673,23297866940.881184,11891735175.382412,U_10
3914183004014699.5,81369123002.3031,20530729388.91999,8011423573.592159,U_11
5266932098086393.0,79413708479.91591,20287339349.1005,7955074436.886155,U_11
7280221996997191.0,77528493983.21925,20048348973.3036,7899354971.449315,U_11
5335753000862356.0,75710150694.7915,19813652831.67483,7844255860.523523,U_11
678346322069826.9,73955545261.22444,19583148636.704903,7789767959.392739,U_11
5750398790535.469,72261726151.36528,19356737129.5244,7735882291.357232,U_11
4189356861337.524,70625911112.32016,19134321974.32739,7682590044.665902,U_11
3560662920570.6025,69045475625.20251,18915809656.043327,7629882567.6688595,U_11
3033065008683.1274,67517942274.89195,18701109380.504078,7577751366.193604,U_11
2605203290831.421,66040970942.38076,18490132980.894062,7526188100.420357,U_11
2259693068754.57,64612349759.45593,18282794826.17796,7475184580.564906,U_11
1978469384899.793,63229986745.92338,18079011734.04525,7424732764.384443,U_11
1747053319794.1572,61891902082.326096,17878702888.92994,7374824753.364853,U_11
1554489366859.4622,60596220956.95478,17681789760.369247,7325452789.572881,U_11
1392564972792.6306,59341166937.26336,17488196025.160755,7276609254.257116,U_11
1255089650342.8782,58125055831.4087,17297847493.832287,7228286663.49185,U_11
1137348331674.7366,56946289987.479065,17110672040.69323,7180477665.117852,U_11
1035707233024.9067,55803353001.753624,16926599532.724426,7133175036.390905,U_11
947332698176.4077,54694804805.42919,16745561766.313873,7086371680.36277,U_11
869989950483.123,53619277087.53529,16567492402.655466,7040060625.733186,U_11
801897757975.1658,52575469040.15001,16392326907.528805,6994235022.472729,U_11
741622324284.4534,51562143398.46489,16220002491.241707,6948888139.339161,U_11
687998922570.5305,50578122739.94261,16050458054.019339,6904013360.86991,U_11
640073355412.7576,49622286042.06895,15883634131.156307,6859604185.641235,U_11
597057741708.7428,48693565464.97639,15719472839.706816,6815654224.438963,U_11
558296773465.2095,47790943351.16679,15557917830.010698,6772157197.268115,U_11
523241707709.7358,46913449413.55555,15398914235.981743,6729106931.072827,U_11
491430133365.79285,46060158111.24753,15242408627.851294,6686497358.334993,U_11
462470092928.82275,45230186191.587166,15088348969.352913,6644322513.810817,U_11
436027519162.2463,44422690390.85353,14936684573.093407,6602576532.996632,U_11
411816217892.3958,43636865275.61764,14787366058.156073,6561253650.070774,U_11
389589822996.192,42871941224.21689,14640345311.013634,6520348196.754752,U_11
369135291107.49243,42127182529.25789,14495575446.495638,6479854598.723933,U_11
350267607565.76044,41401885617.48792,14353010769.022762,6439767374.610038,U_11
332825451932.05853,40695377375.84474,14212606738.121775,6400081133.749921,U_11
316667628860.9088,40007013583.901535,14074319933.36001,6360790575.724744,U_11
301670113310.1154,39336177432.441216,13938108019.867476,6321890487.015467,U_11
287723591625.0109,38682278139.44594,13803929716.645824,6283375739.628446,U_11
274731405580.4777,38044749636.83972,13671744764.475712,6245241289.642104,U_11
262607825327.75052,37423049338.9563,13541513896.830547,6207482175.826839,U_11
251276592200.7616,36816656984.31758,13413198809.890903,6170093517.456409,U_11
240669684214.3242,36225073540.16776,13286762134.062874,6133070513.46885,U_11
230726266021.42252,35647820167.20962,13162167407.454418,6096408440.073449,U_11
221391792392.57318,35084437251.703354,13039379049.012173,6060102649.720614,U_11
212617240010.69653,34534483479.6867,12918362333.572088,6024148569.808014,U_11
204358446965.62842,33997534971.81876,12799083366.956509,5988541700.331175,U_11
196575542944.7559,33473184461.82343,12681509062.311462,5953277613.801652,U_11
189232456170.20685,32961040519.949646,12565607116.96853,5918351953.108349,U_11
182296485400.50006,32460726817.534725,12451345989.741453,5883760430.237764,U_11
175737927352.65924,31971881436.127476,12338694880.965277,5849498825.055383,U_11
169529751505.29736,31494156207.813843,12227623710.287971,5815562983.842249,U_11
163647315440.25378,31027216090.68823,12118103097.614742,5781948818.086335,U_11
158068115071.48093,30570738580.335796,12010104343.11691,5748652303.566569,U_11
152771564928.53152,30124413151.779778,11903599407.735907,5715669479.147663,U_11
147738804429.03378,29687940726.828033,11798560896.065334,5682996444.827801,U_11
142952526655.61313,29261033171.728497,11694962038.200842,5650629361.263132,U_11
138396826722.2605,28843412818.656475,11592776672.974874,5618564449.147027,U_11
134057067172.14163,28434812015.503613,11491979231.235714,5586797986.77196,U_11
129919758259.53575,28034972690.74077,11392544719.202688,5555326309.990272,U_11
125972451270.11101,27643645947.694344,11294448704.614855,5524145810.69149,U_11
122203643255.13806,27260591674.27552,11197667299.567553,5493252936.271042,U_11
118602691828.0859,26885578172.830563,11102177147.92903,5462644187.399696,U_11
115159738796.88573,26518381809.067875,11007955409.892765,5432316118.953412,U_11
111865641623.10893,26158786677.62459,10914979748.71149,5402265337.92285,U_11
108711911771.90445,25806584282.05051,10823228318.541407,5372488502.214235,U_11
105690659208.64526,25461573234.20153,10732679749.545357,5342982319.47386,U_11
102794542305.26775,25123558962.10719,10643313136.702261,5313743547.648335,U_11
100016722604.81004,24792353435.23107,10555108027.88963,5284768992.993526,U_11
97350823881.5337,24467774904.89409,10468044410.695322,5256055509.207539,U_11
94790895040.23845,24149647651.53594,10382102703.750507,5227599996.895564,U_11
92331376468.41986,23837801745.89378,10297263743.42372,5199399403.3027115,U_11
89967069448.48872,23532072822.41947,10213508773.632286,5171450719.486027,U_11
87693108328.42848,23232301861.103954,10130819435.749552,5143750981.634733,U_11
85504935181.96817,22938334981.95621,10049177758.630167,5116297269.929371,U_11
83398276685.6437,22650023243.755756,9968566149.045328,5089086706.557955,U_11
3.1521039908405588e+16,261103924176.32068,65741690386.65968,25642319476.51321,U_12
3.2949450358576404e+16,254811939982.23248,64961779073.55177,25461911850.70766,U_12
3.5896570534611816e+16,248746646738.50296,64195978730.662735,25283520876.448536,U_12
2.6271864292669396e+16,242897248203.82416,63443950833.05027,25107116702.965675,U_12
2825874963166191.5,237253585299.94214,62705366957.327095,24932670030.41006,U_12
16351767807696.295,231806091382.16528,61979908421.54275,24760152097.989643,U_12
13894232122361.379,226545751139.14786,61267265939.74332,24589534671.378914,U_12
12325439701803.3,221464062792.3151,60567139291.41883,24420790032.080864,U_12
10549082550261.049,216553003294.09497,59879237004.718056,24253890965.51418,U_12
9016905093448.76,211804996248.26385,59203276051.27258,24088810750.336185,U_12
7765713504721.594,207212882325.48654,58538981554.52973,23925523147.73834,U_12
6750894600429.194,202769891937.3444,57886086509.51418,23764002390.97166,U_12
5922489533543.891,198469619985.43182,57244331513.11977,23604223175.33052,U_12
5239387601526.676,194306002505.2036,56613464506.50839,23446160647.78141,U_12
4670031532012.682,190273295038.94388,55993240526.05351,23289790397.712223,U_12
4190572763528.8237,186366052595.03558,55383421464.857025,23135088447.671608,U_12
3782952466980.41,182579111063.33203,54783775844.45804,22982031244.046288,U_12
3433380242439.967,178907569964.354,54194078593.09963,22830595647.75305,U_12
3131212092809.7827,175346776427.3532,53614110834.798775,22680758925.688316,U_12
2868139878655.1445,171892310289.01974,53043659685.67097,22532498742.50435,U_12
2637606963243.952,168539970238.0338,52482518057.69339,22385793152.10596,U_12
2434384485419.027,165285760914.58524,51930484470.39584,22240620589.48307,U_12
2254261291908.4697,162125880877.2242,51387362869.64634,22096959862.67247,U_12
2093814659848.533,159056711402.5363,50852962452.70599,21954790145.21279,U_12
1950238920073.514,156074806019.75632,50327097500.23539,21814090968.628334,U_12
1821215987237.9626,153176880745.97403,49809587215.277756,21674842215.122562,U_12
1704816538333.0994,150359804960.47473,49300255566.36277,21537024110.153076,U_12
1599423841705.4526,147620592873.34573,48798931138.15114,21400617215.485973,U_12
1503674497801.8923,144956395541.96597,48305446986.52738,21265602422.592873,U_12
1416411931695.394,142364493400.78735,47819640499.68685,21131960945.845505,U_12
1336649591523.3933,139842289259.3634,47341353263.30227,20999674315.683407,U_12
1263541600779.7952,137387301742.10692,46870430931.59104,20868724372.73201,U_12
1196359183473.046,134997159132.64558,46406723101.857124,20739093261.326645,U_12
1134471596218.1187,132669593601.6077,45950083194.68208,20610763423.242657,U_12
1077330605657.6113,130402435782.75319,45500368337.745415,20483717592.43904,U_12
1024457774687.4469,128193609676.93135,45057439253.52025,20357938788.35391,U_12
975433989288.0782,126041127864.80629,44621160151.32808,20233410310.576584,U_12
929890783848.3038,123943087001.33705,44191398623.841835,20110115734.088863,U_12
887503119250.7118,121897663576.6127,43768025544.61214,19988038902.85065,U_12
847983340925.7437,119903109924.63495,43350914972.523994,19867163924.40787,U_12
811076100697.5914,117957750461.77525,42939944057.58307,19747475165.79004,U_12
776554069912.7931,116059978144.67918,42534992949.25785,19628957247.798058,U_12
744214305373.5609,114208251126.20676,42135944710.9788,19511595039.996487,U_12
713875156446.1603,112401089604.37428,41742685232.90126,19395373655.956112,U_12
685373622711.9348,110637072842.10365,41355103152.32457,19280278448.685043,U_12
658563088460.5752,108914836359.12294,40973089773.96927,19166295006.001118,U_12
633311373468.7423,107233069276.72641,40596538993.716805,19053409145.937992,U_12
609499050424.7931,105590511803.73065,40225347224.40362,18941606912.58006,U_12
587017987948.6106,103985952865.26346,39859413324.69116,18830874571.438313,U_12
565770085108.9015,102418227854.82048,39498638530.457794,18721198605.372063,U_12
545666169116.8956,100886216508.46452,39142926387.75494,18612565710.330025,U_12
526625032476.8295,99388840891.77368,38792182687.69697,18504962791.700943,U_12
508572589686.9185,97925063490.96112,38446315404.826385,18398376960.18607,U_12
491441136789.52875,96493885406.60384,38105234636.4437,18292795527.815105,U_12
475168699597.4363,95094344639.69806,37768852543.44704,18188206004.40704,U_12
459698458630.5387,93725514463.45284,37437083294.82005,18084596093.51324,U_12
444978240562.7002,92386501883.97363,37109843011.63897,17981953689.17285,U_12
430960067512.6493,91076446173.51292,36787049714.873795,17880266872.39642,U_12
417599756750.3,89794517479.27917,36468623273.65369,17779523907.612953,U_12
404856564430.5028,88539915503.5499,36154485355.17908,17679713239.065533,U_12
392692867910.54865,87311868248.37843,35844559376.76129,17580823487.87897,U_12
381073881925.80756,86109630820.00609,35538770459.52023,17482843448.661213,U_12
369967404535.8105,84932484294.96248,35237045382.21169,17385762086.27185,U_12
359343589319.26337,83779734638.53769,34939312537.92642,17289568532.791233,U_12
349174740759.24585,82650711678.69606,34645501891.331375,17194252084.55981,U_12
339435130141.8791,81544768124.96225,34355544937.66403,17099802199.258009,U_12
330100829646.3447,80461278637.34798,34069374662.596737,17006208492.695696,U_12
321149562593.3553,79399638938.4391,33786925503.431694,16913460736.29878,U_12
312560568075.8697,78359264966.19183,33508133311.56821,16821548854.08855,U_12
304314478401.4093,77339592066.70409,33232935316.208893,16730462920.032663,U_12
296393207986.7216,76340074225.76375,32961270088.46949,16640193155.551006,U_12
288779852483.86273,75360183333.75983,32693077507.91135,16550729926.602266,U_12
281458597074.37946,74399408484.55042,32428298728.140087,16462063741.253351,U_12
274414632995.25723,73457255307.08073,32166876145.731483,16374185247.407228,U_12
267634081451.9509,72533245327.36015,31908753368.1599,16287085229.936487,U_12
2.2554969156182845e+17,595453255007.796,149963951793.9903,58495836723.36127,U_13
3.770471284148882e+16,581109276692.139,148185034261.83545,58084299671.16937,U_13
1.8283742504764292e+16,567281842627.5055,146438299318.97964,57677362725.03165,U_13
1.194659854618017e+16,553946367502.3096,144722975004.12427,57274957796.993416,U_13
1450369961129921.5,541079715833.81494,143038312386.141,56877018055.52245,U_13
41895714214268.14,528660100284.5062,141383584744.30777,56483477898.23013,U_13
33495591186857.56,516666988223.58026,139758086781.66177,56094272924.40141,U_13
28001067548109.473,505081015775.34,138161133870.8898,55709339909.017,U_13
23627039561979.85,493883908677.693,136592061331.28781,55328616776.80186,U_13
20156740431599.043,483058409336.887,135050223735.04672,54952042577.3183,U_13
17385378169717.46,472588209530.9241,133534994240.68518,54579557460.68861,U_13
15147423153845.553,462457888265.0363,132045763954.57207,54211102653.94914,U_13
13318122952790.52,452652854333.5817,130581941317.13591,53846620437.21634,U_13
11805082091400.986,443159293181.86005,129142951513.6241,53486054121.91198,U_13
10539763491713.295,433964117706.4405,127728235907.84271,53129348028.1833,U_13
9470881371418.482,425054922660.89734,126337251498.82639,52776447464.086685,U_13
8559619581922.928,416419942368.2933,124969470397.61772,52427298703.66069,U_13
7776241905934.388,408048011469.38007,123624379325.80862,52081848967.1181,U_13
7097693564783.414,399928528456.1987,122301479131.77458,51740046401.18212,U_13
6505893726466.743,392051421772.40875,121000284327.17607,51401840059.10189,U_13
5986508262346.899,384407118271.3165,119720322639.48674,51067179881.978004,U_13
5528057936972.778,376986513846.4274,118461134582.82474,50736016679.9701,U_13
5121262919309.405,369780946066.0039,117222273044.29276,50408302114.61219,U_13
4758555513127.629,362782168655.5677,116003302886.0152,50083988680.95506,U_13
4433713945610.055,355982327687.91815,114803800562.29839,49763029690.52963,U_13
4141584238717.8047,349373939349.74805,113623353749.9601,49445379254.29636,U_13
3877866865195.332,342949869167.8318,112461560994.5767,49130992266.61371,U_13
3638951552436.9067,336703312583.1425,111318031366.75533,48819824389.32284,U_13
3421788228351.3594,330627776780.01465,110192384133.49135,48511832035.34687,U_13
3223785355880.4824,324717063670.5275,109084248440.09186,48206972354.373634,U_13
3042729210670.7695,318965253955.7418,107993263004.26015,47905203217.572,U_13
2876719310602.4653,313366692186.1004,106919075820.83423,47606483202.96123,U_13
2724116403158.4375,307915972749.03864,105861343876.92578,47310771581.68375,U_13
2583500291224.8413,302607926716.5236,104819732877.5894,47018028303.45202,U_13
2453635422967.3555,297437609497.5652,103793916981.26979,46728213983.37786,U_13
2333442650810.329,292400289234.9726,102783578545.08276,46441289888.962036,U_13
2221975924298.885,287491435898.365,101788407877.0223,46157217926.76401,U_13
2118402953242.447,282706711025.286,100808102998.94814,45875960630.1265,U_13
2021989084522.445,278041958064.251,99842369416.93813,45597481146.80329,U_13
1932083794606.7324,273493193285.66437,98890919899.77544,45321743226.57377,U_13
1848109322357.8997,269056597215.68213,97953474264.4984,45048711209.64181,U_13
1769551061941.9458,264728506563.9237,97029759170.46999,44778350015.34274,U_13
1695949410140.723,260505406609.77264,96119507919.33234,44510625130.85912,U_13
1626892820933.9175,256383924019.69354,95222460261.70923,44245502599.96858,U_13
1562011866611.8547,252360820067.16928,94338362211.85655,43982949012.388054,U_13
1500974141562.2827,248432984228.44778,93466965866.55357,43722931493.3708,U_13
1443479874291.6743,244597428131.80917,92608029231.59381,43465417693.53248,U_13
1389258137047.3699,240851279838.53265,91761316053.43887,43210375778.4705,U_13
1338063561470.8657,237191778433.60867,90926595656.37689,42957774419.32487,U_13
1289673484259.7268,233616268908.0962,90103642785.34181,42707582783.04241,U_13
1243885459458.7332,230122197314.60028,89292237453.20738,42459770522.825096,U_13
1200515084344.1243,226707106179.88593,88492164794.14536,42214307769.0393,U_13
1159394094381.3174,223368630158.78345,87703214920.79048,41971165120.63224,U_13
1120368689717.0466,220104491915.36047,86925182786.36551,41730313635.70751,U_13
1083298061496.8606,216912498218.02606,86157868051.56992,41491724823.084595,U_13
1048053091106.0627,213790536233.5829,85401074955.39699,41255370634.53562,U_13
1014515199448.0061,210736570012.9463,84654612189.59624,41021223455.83861,U_13
982575326730.8434,207748637154.36832,83918292778.17519,40789256098.857994,U_13
952133026081.4993,204824845632.82224,83191933959.81775,40559441793.82949,U_13
923095656629.9718,201963370791.09753,82475357074.47365,40331754181.83695,U_13
895377663758.1449,199162452477.2484,81768387453.45511,40106167306.84956,U_13
868899935877.545,196420392324.38617,81070854312.66594,39882655608.73831,U_13
843589228544.2314,193735551163.6951,80382590649.4913,39661193915.70483,U_13
819377647951.9146,191106346562.23996,79703433142.6125,39441757437.511116,U_13
796202186885.3508,188531250480.21774,79033222054.93411,39224321758.33138,U_13
774004307115.8987,186008787040.3344,78371801139.9089,39008862830.27835,U_13
752729562983.0914,183537530403.32687,77719017550.0286,38795356966.40891,U_13
732327261571.5309,181116102743.2468,77074721748.50604,38583780834.56791,U_13
712750155464.2467,178743172318.82202,76438767423.78984,38374111450.86119,U_13
693954164539.8602,176417451633.4642,75811011405.8473,38166326173.40443,U_13
675898123708.3251,174137695682.10028,75191313586.31796,37960402696.40295,U_13
658543553850.037,171902700276.66898,74579536839.8388,37756319044.0601,U_13
641854453544.2769,169711300449.75616,73975546947.89677,37554053564.689995,U_13
625797109456.8528,167562368930.4576,73379212525.16432,37353584924.94297,U_13
610339923487.8802,165454814687.26816,72790404948.86769,37154892104.70937,U_13
5.849131606153644e+16,201045053577.6698,50634027771.46353,19750705117.159206,U_14
1.8435323038086996e+16,196202186355.52625,50033396276.91203,19611752961.897152,U_14
1.0150935935555794e+16,191533710146.76157,49443630764.90468,19474353989.43717,U_14
5657647555476351.0,187031325055.27438,48864470596.785995,19338485210.592575,U_14
761933346501038.0,182687220616.69147,48295662910.451416,19204124060.417297,U_14
14126947992303.967,178494041471.5878,47736962341.937935,19071248389.14087,U_14
11245058840905.648,174444855826.78104,47188130759.78923,18939836452.403374,U_14
9432547322026.744,170533126441.3297,46648937012.26025,18809866903.012722,U_14
7968993882312.174,166752683908.08038,46119156682.546974,18681318781.6687,U_14
6801497529581.64,163097702032.8497,45598571852.32022,18554171509.52392,U_14
5867295487397.907,159562675117.18967,45086970880.2629,18428404878.610104,U_14
5112344825438.648,156142396978.034,44584148184.36471,18303999045.009304,U_14
4495080221524.268,152831941560.9051,44089904034.67576,18180934520.03363,U_14
3984481017893.1147,149626644999.82007,43604044354.4292,18059192163.61171,U_14
3557465036155.059,146522089009.80518,43126380530.43319,17938753175.862385,U_14
3196737566594.633,143514085496.39975,42656729227.43628,17819599090.411564,U_14
2889201971914.0527,140598662278.27792,42194912212.400215,17701711767.7546,U_14
2624823232621.6484,137772049838.55585,41740756185.777756,17585073387.15801,U_14
2395820708800.4307,135030669012.89594,41294092617.05981,17469666441.100502,U_14
2196092448344.1672,132371119547.15817,40854757589.36447,17355473727.550133,U_14
2020801085454.4968,129790169447.64627,40422591647.625534,17242478344.69942,U_14
1866072824547.0432,127284745068.80406,39997439653.829124,17130663684.186619,U_14
1728776169137.2922,124851921873.66447,39579150647.41183,17020013425.068096,U_14
1606357437540.6826,122488915819.65375,39167577711.508446,16910511527.87552,U_14
1496717150352.0981,120193075320.69421,38762577842.565216,16802142228.54427,U_14
